strategy,side,seed,cost_bps,days,cagr,vol,sharpe,max_dd,calmar,hit_rate,turnover
lstm_lstm,long_only,0,0,2190,0.1147992666,0.1395798287,0.8487010827,-0.2808239435,0.4087944394,0.5447488584,0.4254768521
lstm_lstm,long_only,0,5,2190,0.05661065048,0.1396738129,0.4643065656,-0.2987769211,0.1894746431,0.5319634703,0.4254768521
lstm_lstm,long_only,0,10,2190,0.0014436171,0.139797933,0.08041166814,-0.3709922411,0.003891232591,0.5150684932,0.4254768521
lstm_lstm_lag1,long_only,0,0,2189,0.1059885027,0.143202625,0.7754345145,-0.1906943701,0.5558029985,0.5399725902,0.4286062243
lstm_lstm_lag1,long_only,0,5,2189,0.04784262029,0.1433081516,0.3980225346,-0.2198636252,0.2176013438,0.5248972133,0.4286062243
lstm_lstm_lag1,long_only,0,10,2189,-0.007262022997,0.1434431197,0.02116162481,-0.2774373383,-0.02617536285,0.5102786661,0.4286062243
lstm_lstm,long_short,0,0,2190,0.06037288629,0.1395663848,0.4895601493,-0.1681980231,0.3589393334,0.5150684932,0.5889896374
lstm_lstm,long_short,0,5,2190,-0.01546359687,0.1395365869,-0.04218645631,-0.2883330768,-0.05363101952,0.4931506849,0.5889896374
lstm_lstm,long_short,0,10,2190,-0.08590210331,0.1395520472,-0.5739740122,-0.5518973888,-0.1556486859,0.4753424658,0.5889896374
lstm_lstm_lag1,long_short,0,0,2189,-0.01720506566,0.1399158942,-0.05407398968,-0.3189150509,-0.05394874155,0.5070808588,0.5893953988
lstm_lstm_lag1,long_short,0,5,2189,-0.08757334429,0.1399871199,-0.5845511425,-0.5561692318,-0.1574580888,0.4842393787,0.5893953988
lstm_lstm_lag1,long_short,0,10,2189,-0.1529271118,0.1401029916,-1.114133605,-0.7658376005,-0.1996860845,0.4668798538,0.5893953988
lstm_ewma,long_only,0,0,2190,0.1030277829,0.1308900516,0.8148920053,-0.2880459861,0.3576782454,0.5397260274,0.4176291661
lstm_ewma,long_only,0,5,2190,0.0464897402,0.1309599484,0.4126451053,-0.2930577746,0.1586367748,0.5292237443,0.4176291661
lstm_ewma,long_only,0,10,2190,-0.007165406985,0.1310618437,0.01082471253,-0.3520234887,-0.02035491157,0.5164383562,0.4176291661
lstm_ewma,long_short,0,0,2190,0.05003602948,0.1285967619,0.4435212036,-0.1626977707,0.3075397362,0.5109589041,0.5692517276
lstm_ewma,long_short,0,5,2190,-0.02263302559,0.1285429278,-0.1142834327,-0.3071024083,-0.07369862618,0.4913242009,0.5692517276
lstm_ewma,long_short,0,10,2190,-0.09029662211,0.1285328838,-0.6723263506,-0.5689669425,-0.1587027565,0.4726027397,0.5692517276
ema_lstm,long_only,0,0,2190,0.1164371294,0.1170382542,0.9998457307,-0.126072263,0.9235745165,0.5278538813,0.3470310129
ema_lstm,long_only,0,5,2190,0.06869240335,0.1169916082,0.6264918677,-0.1477595556,0.4648931372,0.5155251142,0.3470310129
ema_lstm,long_only,0,10,2190,0.02297852313,0.1169718373,0.252782073,-0.1945366982,0.1181192204,0.5063926941,0.3470310129
ema_lstm,long_short,0,0,2190,0.01071183621,0.1401373026,0.1459239756,-0.2274926892,0.04708650747,0.5105022831,0.4918480374
ema_lstm,long_short,0,5,2190,-0.05001878779,0.1400513458,-0.2964874072,-0.4319822265,-0.1157889948,0.4899543379,0.4918480374
ema_lstm,long_short,0,10,2190,-0.1071187215,0.1400039407,-0.7392385714,-0.630160344,-0.1699864528,0.4739726027,0.4918480374
lstm_lstm,long_only,1,0,2190,0.1386942772,0.141362766,0.9898290966,-0.2470745379,0.5613458933,0.5356164384,0.4171836508
lstm_lstm,long_only,1,5,2190,0.08040957023,0.1413360164,0.6181003343,-0.2500704077,0.3215477232,0.5246575342,0.4171836508
lstm_lstm,long_only,1,10,2190,0.0250925507,0.1413397642,0.2461777065,-0.2860741591,0.08771344737,0.5132420091,0.4171836508
lstm_lstm_lag1,long_only,1,0,2189,0.09222818708,0.1445557778,0.6828528057,-0.2341992867,0.393802169,0.5386021014,0.4202519572
lstm_lstm_lag1,long_only,1,5,2189,0.03590452848,0.1445825875,0.3164874319,-0.271789062,0.1321043909,0.5248972133,0.4202519572
lstm_lstm_lag1,long_only,1,10,2189,-0.01752982358,0.1446392502,-0.04973183134,-0.3649304728,-0.0480360641,0.5089081772,0.4202519572
lstm_lstm,long_short,1,0,2190,0.02946281918,0.1280912194,0.2908194849,-0.2393312391,0.1231047785,0.5200913242,0.5713844942
lstm_lstm,long_short,1,5,2190,-0.04204564885,0.1280416805,-0.271341517,-0.3780587979,-0.1112145759,0.497260274,0.5713844942
lstm_lstm,long_short,1,10,2190,-0.1086109477,0.1280412675,-0.833617725,-0.6386953558,-0.1700512563,0.4789954338,0.5713844942
lstm_lstm_lag1,long_short,1,0,2189,-0.02455153578,0.1301401213,-0.1256842948,-0.3872875352,-0.06339356046,0.5089081772,0.5718209473
lstm_lstm_lag1,long_short,1,5,2189,-0.09238323498,0.1301851824,-0.6790788868,-0.6009404597,-0.1537310951,0.4933759708,0.5718209473
lstm_lstm_lag1,long_short,1,10,2189,-0.1555206883,0.1302781964,-1.231637009,-0.7779317497,-0.1999155945,0.4746459571,0.5718209473
lstm_ewma,long_only,1,0,2190,0.1273837102,0.1349782849,0.9561223989,-0.2515620073,0.5063710197,0.5397260274,0.4115130787
lstm_ewma,long_only,1,5,2190,0.07044256978,0.1349347978,0.5721660749,-0.2547966313,0.2764658599,0.5287671233,0.4115130787
lstm_ewma,long_only,1,10,2190,0.01636230562,0.1349221839,0.1879191766,-0.2816407842,0.05809636437,0.5123287671,0.4115130787
lstm_ewma,long_short,1,0,2190,0.02686622923,0.1188914655,0.2825038243,-0.2847504025,0.09435010099,0.5114155251,0.5595069118
lstm_ewma,long_short,1,5,2190,-0.04303266781,0.1188534647,-0.310555332,-0.4059334266,-0.1060091754,0.4904109589,0.5595069118
lstm_ewma,long_short,1,10,2190,-0.1081966977,0.1188679391,-0.9035947699,-0.6381361516,-0.1695511176,0.4680365297,0.5595069118
ema_lstm,long_only,1,0,2190,0.1184607437,0.1157729896,1.025159114,-0.1362214143,0.8696191,0.5269406393,0.3418230454
ema_lstm,long_only,1,5,2190,0.07133025922,0.1157430326,0.6533095769,-0.1580061054,0.4514398925,0.5159817352,0.3418230454
ema_lstm,long_only,1,10,2190,0.02617504978,0.1157399699,0.2812021461,-0.1932235782,0.1354650919,0.503196347,0.3418230454
ema_lstm,long_short,1,0,2190,0.006208137597,0.1389975758,0.1139328591,-0.2452139286,0.02531723068,0.5150684932,0.4842321662
ema_lstm,long_short,1,5,2190,-0.0533462725,0.1389229833,-0.3251935759,-0.4530281644,-0.1177548698,0.496347032,0.4842321662
ema_lstm,long_short,1,10,2190,-0.1093936265,0.1388858035,-0.7645858104,-0.6373938418,-0.1716264251,0.4762557078,0.4842321662
lstm_lstm,long_only,2,0,2190,0.1479710555,0.1407943918,1.050918929,-0.2162189486,0.6843574831,0.5287671233,0.4198277258
lstm_lstm,long_only,2,5,2190,0.0888396812,0.1408394889,0.6749896547,-0.2196119369,0.404530293,0.5168949772,0.4198277258
lstm_lstm,long_only,2,10,2190,0.03273832152,0.1409144408,0.2992376385,-0.2535425585,0.1291235748,0.504109589,0.4198277258
lstm_lstm_lag1,long_only,2,0,2189,0.1092548704,0.1472302888,0.7783344527,-0.2520972096,0.4333838942,0.5340338054,0.4228314088
lstm_lstm_lag1,long_only,2,5,2189,0.0517224026,0.1472053462,0.4165449852,-0.2550070408,0.2028273511,0.5226130653,0.4228314088
lstm_lstm_lag1,long_only,2,10,2189,-0.002841534993,0.1472091349,0.05462223022,-0.3538078277,-0.008031294874,0.5047967108,0.4228314088
lstm_lstm,long_short,2,0,2190,0.08209272079,0.1388968057,0.6373412018,-0.1724675199,0.4759894548,0.5114155251,0.5828445601
lstm_lstm,long_short,2,5,2190,0.005481308639,0.1389099719,0.1086044599,-0.277824891,0.01972936485,0.4945205479,0.5828445601
lstm_lstm,long_short,2,10,2190,-0.06573194006,0.1389683656,-0.4198953615,-0.4650665172,-0.1413387927,0.4726027397,0.5828445601
lstm_lstm_lag1,long_short,2,0,2189,0.007704636284,0.1359768853,0.1245382574,-0.2975506002,0.02589353299,0.5116491549,0.583725368
lstm_lstm_lag1,long_short,2,5,2189,-0.06376257771,0.1359840655,-0.4163360746,-0.463624197,-0.1375307374,0.4910918228,0.583725368
lstm_lstm_lag1,long_short,2,10,2189,-0.1301854004,0.1360371593,-0.9568302444,-0.7093795515,-0.1835200918,0.467793513,0.583725368
lstm_ewma,long_only,2,0,2190,0.1381886627,0.1343859992,1.030817915,-0.2381988172,0.5801400038,0.5296803653,0.4095634232
lstm_ewma,long_only,2,5,2190,0.08096384829,0.1343796758,0.6468426392,-0.2417731519,0.3348752648,0.5187214612,0.4095634232
lstm_ewma,long_only,2,10,2190,0.02660087337,0.1344053788,0.262768597,-0.2825722661,0.09413830216,0.5073059361,0.4095634232
lstm_ewma,long_short,2,0,2190,0.08812138384,0.128938434,0.7191939573,-0.1424311887,0.6186944353,0.5114155251,0.5670895649
lstm_ewma,long_short,2,5,2190,0.01310104265,0.128898835,0.1650787413,-0.1915165986,0.06840682606,0.4936073059,0.5670895649
lstm_ewma,long_short,2,10,2190,-0.05677191711,0.1289067376,-0.3892335548,-0.4069064897,-0.1395207954,0.4753424658,0.5670895649
ema_lstm,long_only,2,0,2190,0.117823676,0.1165315084,1.014325958,-0.1453487171,0.8106275606,0.5319634703,0.3466955644
ema_lstm,long_only,2,5,2190,0.07006596731,0.1164775626,0.6397566292,-0.1676383308,0.4179591087,0.5191780822,0.3466955644
ema_lstm,long_only,2,10,2190,0.0243376535,0.1164508492,0.2647782471,-0.2003465701,0.1214777647,0.5091324201,0.3466955644
ema_lstm,long_short,2,0,2190,0.006665316889,0.1422500093,0.1176567329,-0.2289227029,0.02911601517,0.5123287671,0.4909521785
ema_lstm,long_short,2,5,2190,-0.05371597514,0.1421622535,-0.3174070614,-0.4488250286,-0.1196813273,0.4926940639,0.4909521785
ema_lstm,long_short,2,10,2190,-0.1104937763,0.1421121525,-0.7528087902,-0.6417786349,-0.1721680503,0.4767123288,0.4909521785
ema_ewma,long_only,-1,0,2190,0.1104422374,0.1096966318,1.010107725,-0.1440181488,0.7668633317,0.5333333333,0.3333091787
ema_ewma,long_only,-1,5,2190,0.06479022616,0.1096637291,0.6274495608,-0.1711870093,0.3784763016,0.5191780822,0.3333091787
ema_ewma,long_only,-1,10,2190,0.02100491575,0.1096574865,0.2445022499,-0.1974999818,0.1063540136,0.5077625571,0.3333091787
ema_ewma,long_short,-1,0,2190,0.007253589148,0.1348792833,0.1207897178,-0.2265718656,0.03201451835,0.5091324201,0.490233619
ema_ewma,long_short,-1,5,2190,-0.05308700222,0.1348654471,-0.3372057587,-0.4521357792,-0.1174138492,0.4908675799,0.490233619
ema_ewma,long_short,-1,10,2190,-0.1098307906,0.1348889007,-0.7950753608,-0.6385228793,-0.1720076041,0.4698630137,0.490233619
equal_weight,long_only,-1,0,2190,0.148730622,0.1742030202,0.8839118336,-0.3699771035,0.4019995308,0.5525114155,0.007957201051
equal_weight,long_only,-1,5,2190,0.1475804765,0.1742003199,0.8781700503,-0.3701160944,0.3987410402,0.5525114155,0.007957201051
equal_weight,long_only,-1,10,2190,0.1464314448,0.1741977883,0.8724272441,-0.3702550564,0.3954880353,0.5525114155,0.007957201051
