test_year,seed,net,epochs_run,best_epoch,best_val_loss,seconds,n_train,n_val
2017,0,return,20,5,0.24128299951553303,25.0,767,146
2017,0,risk,19,4,-4.042915821075439,47.9,587,146
2017,1,return,20,5,0.240463092923164,22.4,767,146
2017,1,risk,18,3,-4.049304962158203,47.0,587,146
2017,2,return,20,5,0.24074624478816903,22.7,767,146
2017,2,risk,18,3,-4.052204132080078,42.0,587,146
2018,0,return,18,3,0.166925564408302,23.9,974,183
2018,0,risk,38,23,-4.328779220581055,143.0,794,183
2018,1,return,18,3,0.165841951966285,23.7,974,183
2018,1,risk,26,11,-4.3235297203063965,103.3,794,183
2018,2,return,18,3,0.165907129645347,23.5,974,183
2018,2,risk,38,23,-4.335578918457031,151.5,794,183
2019,0,return,16,1,0.40494075417518605,25.4,1178,218
2019,0,risk,22,7,-3.895158052444458,97.4,998,218
2019,1,return,16,1,0.40570211410522405,24.3,1178,218
2019,1,risk,18,3,-3.891148567199707,81.6,998,218
2019,2,return,16,1,0.40629172325134205,23.3,1178,218
2019,2,risk,23,8,-3.893453121185302,99.2,998,218
2020,0,return,17,2,0.32980215549468905,35.5,1382,255
2020,0,risk,23,8,-4.026735782623291,111.6,1202,255
2020,1,return,17,2,0.32902997732162403,32.5,1382,255
2020,1,risk,23,8,-4.038491725921631,106.9,1202,255
2020,2,return,18,3,0.329323291778564,33.3,1382,255
2020,2,risk,24,9,-4.030891418457031,113.8,1202,255
2021,0,return,26,11,0.623851597309112,59.8,1592,291
2021,0,risk,17,2,-3.4582338333129883,94.1,1412,291
2021,1,return,30,15,0.6275008916854851,58.3,1592,291
2021,1,risk,22,7,-3.513756513595581,111.0,1412,291
2021,2,return,30,15,0.631954252719879,56.6,1592,291
2021,2,risk,24,9,-3.498468399047851,122.0,1412,291
2022,0,return,21,6,0.407015115022659,44.3,1802,329
2022,0,risk,28,13,-3.803896903991699,224.8,1622,329
2022,1,return,21,6,0.40736269950866705,49.3,1802,329
2022,1,risk,18,3,-3.788676977157592,150.1,1622,329
2022,2,return,21,6,0.40695372223854004,47.1,1802,329
2022,2,risk,16,1,-3.792729377746582,117.6,1622,329
2023,0,return,18,3,0.5191522240638731,42.2,2011,366
2023,0,risk,18,3,-3.6633987426757812,160.6,1831,366
2023,1,return,18,3,0.518391013145446,41.4,2011,366
2023,1,risk,20,5,-3.664475440979004,170.4,1831,366
2023,2,return,18,3,0.516320884227752,45.9,2011,366
2023,2,risk,18,3,-3.658970117568969,157.9,1831,366
2024,0,return,22,7,0.411445945501327,56.2,2219,402
2024,0,risk,25,10,-3.779510259628296,225.2,2039,402
2024,1,return,25,10,0.41324710845947205,62.3,2219,402
2024,1,risk,31,16,-3.787222146987915,285.4,2039,402
2024,2,return,26,11,0.410330712795257,63.8,2219,402
2024,2,risk,24,9,-3.777882814407348,221.2,2039,402
2025,0,return,20,5,0.264311373233795,75.0,2425,438
2025,0,risk,19,4,-3.971181869506836,181.0,2245,438
2025,1,return,19,4,0.263857156038284,53.9,2425,438
2025,1,risk,33,18,-3.973642110824585,301.9,2245,438
2025,2,return,19,4,0.263582915067672,50.4,2425,438
2025,2,risk,22,7,-3.972300291061401,200.3,2245,438
